pid,name
8460465,Petr Sykora
8460542,Patrik Elias
8460626,Bryce Salvador
8460720,Eric Boulton
8464977,Dainius Zubrus
8466182,Henrik Tallinder
8467412,Alexei Ponikarovsky
8468501,Anton Volchenkov
8468520,Kurtis Foster
8469454,Ilya Kovalchuk
8469542,Stephane Veilleux
8469623,Marek Zidlicky
8470123,Cam Janssen
8470609,Steve Bernier
8470610,Zach Parise
8470920,David Clarkson
8471233,Travis Zajac
8471365,Steven Zalewski
8471636,Tim Sestito
8471748,Mark Fraser
8471816,Mark Fayne
8472355,Rod Pelley
8472382,Andy Greene
8472394,Peter Harrold
8472410,Stephen Gionta
8473592,Vladimir Zharkov
8473646,Ryan Carter
8473927,Brad Mills
8473999,Nick Palmieri
8474582,Mattias Tedenby
8474641,Adam Henrique
8475060,Matt Taormina
8475185,Jacob Josefson
8475248,Alexander Urbom
8476457,Adam Larsson
8455710,Martin Brodeur
8460704,Johan Hedberg
8458525,Brian Rolston
8458541,Steve Staios
8459454,Jay Pandolfo
8464967,Marty Reasoner
8466309,Mike Mottau
8467579,Trevor Gillies
8467580,Mark Eaton
8468309,Mark Streit
8469684,Milan Jurcina
8469707,PA Parenteau
8470144,Frans Nielsen
8470798,Dylan Reese
8470852,Matt Moulson
8471260,Blake Comeau
8473449,Kyle Okposo
8473456,Rhett Rakhshani
8473501,Ty Wishart
8473546,Michael Grabner
8473584,Andrew MacDonald
8473734,Tim Wallace
8474230,Micheal Haley
8474573,Josh Bailey
8474604,Aaron Ness
8474612,Travis Hamonic
8474659,Matt Donovan
8474666,David Ullstrom
8474709,Matt Martin
8475166,John Tavares
8475177,Calvin de Haan
8475231,Casey Cizikas
8475799,Nino Niederreiter
8460705,Evgeni Nabokov
8468481,Rick DiPietro
8471219,Al Montoya
8474690,Kevin Poulin
8475195,Anders Nilsson
8467336,Mike Rupp
8467389,Brad Richards
8468172,Ruslan Fedotenko
8468224,Sean Avery
8468483,Marian Gaborik
8469480,Jeff Woywitka
8469516,Brendan Bell
8470192,Steve Eminger
8470232,Kris Newbury
8470299,Erik Christensen
8470301,Andre Deveaux
8470619,Brian Boyle
8470750,John Mitchell
8471234,Wojtek Wolski
8471273,Brandon Dubinsky
8471283,Brandon Prust
8471339,Ryan Callahan
8471686,Marc Staal
8471714,Michael Sauer
8471873,Anton Stralman
8471958,Dan Girardi
8473573,Artem Anisimov
8473722,John Scott
8474151,Ryan McDonagh
8474176,Carl Hagelin
8474584,Michael Del Zotto
8474613,Derek Stepan
8474772,Stu Bickel
8475148,Tim Erixon
8475692,Mats Zuccarello
8475184,Chris Kreider
8462047,Martin Biron
8468685,Henrik Lundqvist
8448208,Jaromir Jagr
8459424,Chris Pronger
8459670,Kimmo Timonen
8462535,Jody Shelley
8464975,Daniel Brière
8465210,Pavel Kubina
8467408,Matt Walker
8468486,Scott Hartnell
8468534,Andreas Lilja
8470171,Max Talbot
8470601,Braydon Coburn
8470640,Matt Carle
8471236,Andrej Meszaros
8471269,Nicklas Grossmann
8473512,Claude Giroux
8473542,Tom Sestito
8473568,Andreas Nodl
8474037,James van Riemsdyk
8474161,Jakub Voracek
8474163,Kevin Marshall
8474190,Wayne Simmonds
8474631,Marc-Andre Bourdon
8474736,Zac Rinaldo
8474892,Eric Wellwood
8475170,Brayden Schenn
8475430,Brandon Manning
8475603,Ben Holmstrom
8475640,Erik Gustafsson
8476158,Harry Zolnierczyk
8476177,Matt Read
8476461,Sean Couturier
8468524,Ilya Bryzgalov
8475683,Sergei Bobrovsky
8460541,Richard Park
8460719,Steve Sullivan
8465025,Arron Asham
8465166,Craig Adams
8465951,Matt Cooke
8466393,Pascal Dupuis
8468498,Brooks Orpik
8468542,Paul Martin
8468674,Deryk Engelland
8468789,Jason Williams
8469760,Zbynek Michalek
8470543,Chris Kunitz
8470644,Colin McDonald
8470678,Alexandre Picard
8470896,Steve MacIntyre
8471215,Evgeni Malkin
8471311,Tyler Kennedy
8471675,Sidney Crosby
8471702,Matt Niskanen
8471707,James Neal
8471724,Kris Letang
8471811,Cal O'Reilly
8471856,Joe Vitale
8473533,Jordan Staal
8473539,Carl Sneep
8473565,Brian Strait
8473914,Mark Letestu
8473933,Ben Lovejoy
8474025,Eric Tangradi
8474138,Dustin Jeffrey
8474145,Robert Bortuzzo
8475155,Simon Despres
8462161,Brent Johnson
8470594,Marc-Andre Fleury
8475097,Brad Thiessen
8465009,Zdeno Chara
8465056,Trent Whitfield
8465978,Shawn Thornton
8466215,Joe Corvo
8466333,Andrew Ference
8467967,Chris Kelly
8468636,Greg Zanon
8469619,Dennis Seidenberg
8470169,Gregory Campbell
8470187,Johnny Boychuk
8470230,Daniel Paille
8470596,Nathan Horton
8470636,Josh Hennessy
8470638,Patrice Bergeron
8471276,David Krejci
8471514,Rich Peverley
8471678,Benoit Pouliot
8471717,Adam McQuaid
8473419,Brad Marchand
8473473,Milan Lucic
8474000,Steven Kampfer
8474045,Zach Hamill
8474607,Max Sauve
8474749,Matt Bartkowski
8475150,Jordan Caron
8475283,Lane MacDermid
8475794,Tyler Seguin
8476211,Carter Camper
8476792,Torey Krug
8460612,Marty Turco
8460703,Tim Thomas
8471418,Anton Khudobin
8471695,Tuukka Rask
8462077,Jochen Hecht
8467344,Robyn Regehr
8467917,Jordan Leopold
8468504,Brad Boyes
8468700,Paul Gaustad
8469485,Derek Roy
8469506,Jason Pominville
8469555,Christian Ehrhoff
8469582,Colin Stuart
8469591,Cody McCormick
8470018,Matt Ellis
8470598,Thomas Vanek
8470685,Alexander Sulzer
8471226,Drew Stafford
8471284,Andrej Sekera
8471388,Patrick Kaleta
8471701,Joe Finley
8471752,Marc-Andre Gragnani
8471804,Nathan Gerbe
8473426,Mike Weber
8473898,Paul Szczechura
8474113,TJ Brennan
8474130,Corey Tropp
8474500,Derek Whitmore
8474551,Ville Leino
8474570,Cody Hodgson
8474574,Tyler Myers
8474589,Tyler Ennis
8474609,Luke Adam
8475102,Travis Turnbull
8475178,Zack Kassian
8475188,Brayden McNabb
8475220,Marcus Foligno
8468011,Ryan Miller
8469569,Drew MacIntyre
8473523,Jhonas Enroth
8459628,Hal Gill
8465200,Tomas Kaberle
8467351,Scott Gomez
8467396,Erik Cole
8467407,Brian Gionta
8467439,Jaroslav Spacek
8467496,Andrei Markov
8468463,Mathieu Darche
8468635,Travis Moen
8469500,Michael Cammalleri
8469521,Tomas Plekanec
8470324,Josh Gorges
8470329,Chris Campoli
8470603,Andrei Kostitsyn
8471229,Petteri Nokelainen
8471296,Alexei Emelin
8471504,Rene Bourque
8471521,Brad Staubitz
8471663,Mike Blunden
8471976,David Desharnais
8473466,Ryan White
8473608,Blake Geoffrion
8473647,Frédéric St-Denis
8474030,Aaron Palushaj
8474056,P.K. Subban
8474134,Yannick Weber
8474157,Max Pacioretty
8474189,Lars Eller
8475183,Louis Leblanc
8475254,Gabriel Dumont
8475372,Andreas Engqvist
8476244,Raphael Diaz
8469514,Peter Budaj
8471679,Carey Price
8458951,Sergei Gonchar
8460621,Daniel Alfredsson
8462225,Filip Kuba
8464956,Chris Phillips
8467493,Chris Neil
8467931,Matt Carkner
8469455,Jason Spezza
8469820,Zenon Konopka
8470599,Milan Michalek
8471299,Peter Regin
8471683,Brian Lee
8471862,Colin Greening
8473422,Nick Foligno
8473484,Kaspars Daugavins
8473588,Erik Condra
8473970,Rob Klinkhammer
8474024,Jim O'Brien
8474068,Kyle Turris
8474250,Zack Smith
8474498,Jesse Winchester
8474566,Nikita Filatov
8474578,Erik Karlsson
8474670,Andre Petersson
8474697,Mark Borowiecki
8474884,Mike Hoffman
8475118,Matt Gilroy
8475174,Jared Cowen
8475182,David Rundblad
8475637,Bobby Butler
8476205,Stephane Da Costa
8476459,Mika Zibanejad
8475164,Jakob Silfverberg
8475913,Mark Stone
8467913,Alex Auld
8467950,Craig Anderson
8471750,Ben Bishop
8475215,Robin Lehner
8467878,Tim Connolly
8468639,John-Michael Liles
8468695,Matthew Lombardi
8468778,Colton Orr
8469460,Mike Komisarek
8469474,Colby Armstrong
8469483,David Steckel
8470156,Joey Crabb
8470207,Joffrey Lupul
8470602,Dion Phaneuf
8470667,Clarke MacArthur
8470697,Philippe Dupuis
8470816,Jay Rosehill
8470986,Darryl Boyce
8471362,Mikhail Grabovski
8471371,Mike Brown
8471742,Cody Franson
8472424,Ryan Hamilton
8473548,Phil Kessel
8473579,Nikolay Kulemin
8474048,Keith Aulie
8474125,Carl Gunnarsson
8474192,Matt Frattin
8474568,Luke Schenn
8474577,Joe Colborne
8474581,Jake Gardiner
8475098,Tyler Bozak
8475154,Carter Ashton
8475172,Nazem Kadri
8473503,James Reimer
8475361,Jonas Gustavsson
8475680,Jussi Rynnas
8475681,Ben Scrivens
8467332,Bryan Allen
8469462,Tuomo Ruutu
8469476,Tim Gleason
8469531,Jay Harrison
8469638,Jussi Jokinen
8469812,Chad LaRose
8470137,Joni Pitkanen
8470283,Tim Brent
8470302,Patrick Dwyer
8470595,Eric Staal
8470618,Anthony Stewart
8471810,Derek Joslin
8471840,Brett Sutter
8473482,Jiri Tlusty
8473571,Jamie McBain
8473610,Bobby Sanguinetti
8474062,Riley Nash
8474091,Brandon Sutter
8474137,Drayson Bowman
8474220,Jerome Samson
8474576,Zach Boychuk
8474610,Zac Dalpe
8475753,Justin Faulk
8475784,Jeff Skinner
8476819,Jeremy Welsh
8462052,Brian Boucher
8470320,Cam Ward
8471251,Justin Peters
8474729,Mike Murphy
8460492,Ed Jovanovski
8464979,Marco Sturm
8465059,Matt Bradley
8466285,Brian Campbell
8466371,John Madden
8467428,Krys Barch
8467463,Mikael Samuelsson
8467910,Nolan Yonkman
8468162,Jerred Smithson
8468478,Mike Weaver
8468518,Tomas Kopecky
8469457,Stephen Weiss
8469473,Marcel Goc
8470005,Mark Cullen
8470039,Tomas Fleischmann
8470105,Scottie Upshall
8470176,Sean Bergenheim
8470729,Tyson Strachan
8471266,David Booth
8471346,Kris Versteeg
8471390,Mike Santorelli
8471681,Jack Skille
8471842,Tim Kennedy
8471996,Bracken Kearns
8472361,Bill Thomas
8473444,Jon Matsumoto
8473574,Shawn Matthias
8473867,Greg Rallo
8474149,Evgenii Dadonov
8474153,Michal Repik
8474184,Keaton Ellerby
8474520,Jason Garrison
8474606,Colby Robak
8475179,Dmitry Kulikov
8475790,Erik Gudbranson
8460535,Jose Theodore
8466339,Scott Clemmensen
8471822,Brian Foster
8474593,Jacob Markstrom
8465122,Brett Clark
8466142,Eric Brewer
8466378,Martin St. Louis
8467329,Vincent Lecavalier
8467915,Mike Commodore
8467925,Adam Hall
8467988,Ryan Malone
8468575,Dominic Moore
8469755,Brandon Segal
8469765,Marc-Andre Bergeron
8470774,Bruno Gervais
8470775,Nate Thompson
8471312,JT Wyman
8471634,Ryan Shannon
8471668,Mattias Ritola
8471703,Steve Downie
8471705,Brendan Mikkelson
8471767,Blair Jones
8471768,Tom Pyatt
8471916,Mike Angelidis
8473942,Trevor Smith
8473962,Teddy Purcell
8474095,Dana Tyrell
8474201,Pierre-Cedric Labrie
8474564,Steven Stamkos
8475104,Evan Oberg
8475167,Victor Hedman
8475792,Brett Connolly
8476806,JT Brown
8460806,Dwayne Roloson
8464999,Mathieu Garon
8467959,Sebastien Caron
8474682,Dustin Tokarski
8458590,Mike Knuble
8458938,Roman Hamrlik
8466251,Jason Chimera
8467365,John Erskine
8467831,Jeff Halpern
8468208,Joel Ward
8468611,Matt Hendricks
8469639,Brooks Laich
8469770,Dennis Wideman
8469779,Keith Aucoin
8470120,Alexander Semin
8470294,DJ King
8471214,Alex Ovechkin
8471240,Jeff Schultz
8471242,Mike Green
8471426,Troy Brouwer
8473563,Nicklas Backstrom
8473618,Mathieu Perreault
8473913,Sean Collins
8473991,Karl Alzner
8474291,Jay Beagle
8474383,Joel Rechlicz
8474590,John Carlson
8474649,Tomas Kundratek
8475149,Marcus Johansson
8475200,Dmitry Orlov
8475236,Cody Eakin
8460712,Tomas Vokoun
8473607,Michal Neuvirth
8474651,Braden Holtby
8458637,Sean O'Donnell
8459461,Brendan Morrison
8459514,Jamal Mayers
8459596,Andrew Brunette
8466148,Marian Hossa
8468927,Steve Montador
8469544,Patrick Sharp
8469665,Johnny Oduya
8470281,Duncan Keith
8470607,Brent Seabrook
8470666,Daniel Carcillo
8471220,Rostislav Olesz
8471245,Dave Bolland
8471254,Bryan Bickell
8471279,Sami Lepisto
8471769,Niklas Hjalmarsson
8473537,Viktor Stalberg
8473564,Michael Frolik
8473604,Jonathan Toews
8474141,Patrick Kane
8474625,Jimmy Hayes
8474727,Ben Smith
8475153,Dylan Olsen
8475181,Nick Leddy
8475204,Brandon Pirri
8475214,Jeremy Morin
8475323,Marcus Kruger
8475650,Brandon Bollig
8476381,Andrew Shaw
8476438,Brandon Saad
8469548,Ray Emery
8470645,Corey Crawford
8457063,Nicklas Lidstrom
8459444,Todd Bertuzzi
8460743,Tomas Holmstrom
8466149,Daniel Cleary
8467331,Brad Stuart
8467514,Pavel Datsyuk
8467928,Doug Janik
8468083,Henrik Zetterberg
8468509,Niklas Kronwall
8470047,Valtteri Filppula
8470201,Jiri Hudler
8470273,Ian White
8470318,Jonathan Ericsson
8470622,Patrick Eaves
8470724,Kyle Quincey
8470778,Drew Miller
8471309,Johan Franzen
8471693,Jakub Kindl
8471716,Justin Abdelkader
8471794,Darren Helm
8472368,Chris Conner
8473558,Cory Emmerton
8473569,Jan Mursak
8474090,Brendan Smith
8474168,Joakim Andersson
8474552,Fabian Brunnstrom
8474679,Gustav Nyquist
8475772,Riley Sheahan
8469152,Ty Conklin
8469732,Joey MacDonald
8470657,Jimmy Howard
8465914,Francis Bouillon
8467330,David Legwand
8467370,Mike Fisher
8467977,Brian McGrattan
8468064,Martin Erat
8469547,Jordin Tootoo
8470600,Ryan Suter
8470630,Kevin Klein
8470642,Shea Weber
8470687,Zack Stortini
8471228,Alexander Radulov
8471450,Brandon Yip
8471483,Kyle Wilson
8471697,Niclas Bergfors
8471741,Teemu Laakso
8471859,Sergei Kostitsyn
8471887,Patric Hornqvist
8474094,Matt Halischuk
8474096,Nick Spaling
8474143,Ryan Thang
8474164,Jonathon Blum
8474519,Jack Hillen
8474535,Chris Mueller
8474569,Colin Wilson
8474600,Roman Josi
8475176,Ryan Ellis
8475218,Mattias Ekholm
8475225,Craig Smith
8475268,Gabriel Bourque
8471469,Pekka Rinne
8474765,Anders Lindback
8459429,Jason Arnott
8459457,Jamie Langenbrunner
8459687,Scott Nichol
8467478,Kent Huskins
8467890,Barret Jackman
8468434,Andy McDonald
8469470,Carlo Colaiacovo
8470257,Alexander Steen
8470647,B.J. Crombeen
8470655,David Backes
8470737,Brett Sterling
8470871,Chris Porter
8471348,Nikita Nikitin
8471392,Roman Polak
8471490,Adam Cracknell
8471698,T.J. Oshie
8471710,Taylor Chorney
8471729,Kris Russell
8471743,Vladimir Sobotka
8471817,Ryan Reaves
8471851,Matt D'Agostini
8473485,Chris Stewart
8473534,Patrik Berglund
8474013,Ian Cole
8474029,Cade Fairchild
8474031,Kevin Shattenkirk
8474102,David Perron
8474565,Alex Pietrangelo
8474634,Evgeny Grachev
8475768,Jaden Schwartz
8470860,Jaroslav Halak
8470880,Brian Elliott
8474596,Jake Allen
8462042,Jarome Iginla
8464981,Cory Sarich
8466140,Olli Jokinen
8466158,Scott Hannan
8466398,Tom Kostopoulos
8467338,Alex Tanguay
8467943,Niklas Hagman
8468499,Krys Kolanos
8469120,Raitis Ivanans
8469490,Tim Jackman
8469664,David Moss
8470151,Jay Bouwmeester
8470162,Matt Stajan
8470265,Anton Babchuk
8470708,Guillaume Desbiens
8470740,Lee Stempniak
8470966,Mark Giordano
8471185,Curtis Glencross
8471321,Brett Carson
8471428,Pierre-Luc Letourneau-Leblond
8471761,Chris Butler
8472262,Clay Wilson
8473921,Joe Piskula
8473953,Derek Smith
8474038,Paul Byron
8474049,Akim Aliu
8474150,Mikael Backlund
8474587,Greg Nemisz
8474642,Lance Bouma
8474673,TJ Brodie
8475264,Roman Horak
8476466,Sven Baertschi
8462147,Miikka Kiprusoff
8473414,Leland Irving
8475431,Henrik Karlsson
8460577,Milan Hejduk
8469467,Chuck Kobasew
8469508,Jay McClement
8470152,Joakim Lindstrom
8470189,David Van Der Gulik
8470672,Ryan O'Byrne
8470699,Jan Hejda
8470839,Shane O'Brien
8470877,David Jones
8471331,Kevin Porter
8471436,Matt Hunwick
8471476,Daniel Winnik
8471657,Cody McLeod
8471669,Paul Stastny
8471730,Evan Brophey
8473446,Erik Johnson
8473465,Jamie McGinn
8473526,Peter Mueller
8473700,Ryan Wilson
8474001,TJ Galiardi
8474089,Brad Malone
8474705,Mark Olver
8475158,Ryan O'Reilly
8475168,Matt Duchene
8475197,Tyson Barrie
8475206,Stefan Elliott
8476225,Mike Connolly
8476455,Gabriel Landeskog
8462044,Jean-Sebastien Giguere
8473575,Semyon Varlamov
8460496,Ryan Smyth
8464984,Josh Green
8465050,Eric Belanger
8467304,Andy Sutton
8467423,Shawn Horcoff
8468513,Nick Schultz
8468660,Darcy Hordichuk
8469466,Ales Hemsky
8470104,Tom Gilbert
8470280,Ben Eager
8470309,Ryan Whitney
8470714,Corey Potter
8470988,Bryan Rodney
8471216,Cam Barker
8471222,Ladislav Smid
8471323,Ryan Jones
8471402,Lennart Petrell
8471689,Ryan O'Marra
8471762,Chris VandeVelde
8473507,Jeff Petry
8473525,Theo Peckham
8474040,Sam Gagner
8474046,Alex Plante
8474059,Linus Omark
8474128,Milan Kytnar
8474575,Colten Teubert
8474586,Jordan Eberle
8474691,Philippe Cornet
8474719,Teemu Hartikainen
8475165,Anton Lander
8475175,Magnus Paajarvi
8475791,Taylor Hall
8476454,Ryan Nugent-Hopkins
8459140,Nikolai Khabibulin
8471186,Yann Danis
8471227,Devan Dubnyk
8465192,Samuel Pahlsson
8465202,Sami Salo
8467334,Manny Malhotra
8467875,Daniel Sedin
8467876,Henrik Sedin
8469465,Dan Hamhuis
8469598,Kevin Bieksa
8469626,Andrew Alberts
8470054,Keith Ballard
8470274,Chris Higgins
8470310,Aaron Rome
8470358,Alexandre Burrows
8470616,Ryan Kesler
8470654,Maxim Lapierre
8470700,Byron Bitz
8471268,Victor Oreskovich
8471303,Alexander Edler
8471419,Mark Mancari
8471498,Jannik Hansen
8471664,Mason Raymond
8471941,Mike Duco
8473682,Andrew Ebbett
8474035,Bill Sweatt
8474668,Dale Weise
8475619,Aaron Volpatti
8475690,Chris Tanev
8466141,Roberto Luongo
8471239,Cory Schneider
8457981,Teemu Selanne
8459442,Saku Koivu
8465042,Toni Lydman
8467335,Mark Bell
8467400,Francois Beauchemin
8467844,Jason Blake
8468095,George Parros
8468598,Lubomir Visnovsky
8469992,Sheldon Brookbank
8470317,Nate Guenin
8470612,Ryan Getzlaf
8470621,Corey Perry
8470661,Jean-Francois Jacques
8471409,Andrew Gordon
8471676,Bobby Ryan
8471699,Andrew Cogliano
8473492,Matt Beleskey
8473493,Ben Maxwell
8474009,Nick Bonino
8474034,Pat Maroon
8474139,Maxime Macenauer
8474579,Luca Sbisa
8474646,Brandon McMillan
8475151,Kyle Palmieri
8475162,Mat Clark
8475180,Peter Holland
8475758,Devante Smith-Pelly
8475764,Cam Fowler
8468540,Dan Ellis
8470074,Jeff Deslauriers
8473972,Jonas Hiller
8476243,Iiro Tarkki
8460561,Sheldon Souray
8462041,Radek Dvorak
8462196,Stephane Robidas
8466160,Brenden Morrow
8467371,Mike Ribeiro
8467543,Toby Petersen
8467545,Michael Ryder
8468505,Steve Ott
8469759,Vernon Fiddler
8470063,Adam Burish
8470110,Trevor Daley
8470180,Eric Nystrom
8470626,Loui Eriksson
8470777,Francis Wathier
8471241,Mark Fistric
8471274,Alex Goligoski
8471352,Jake Dowell
8471385,Adam Pardy
8471807,Tom Wandell
8473994,Jamie Benn
8474707,Philip Larsen
8474818,Jordie Benn
8475173,Scott Glennie
8475191,Reilly Smith
8475266,Tomas Vincour
8475455,Brenden Dillon
8475671,Matt Fraser
8476116,Ryan Garbutt
8467453,Andrew Raycroft
8470140,Kari Lehtonen
8473614,Richard Bachman
8460504,Ethan Moreau
8465185,Willie Mitchell
8467346,Simon Gagne
8467452,Rob Scuderi
8467466,Trent Hunter
8468508,Justin Williams
8468526,Jarret Stoll
8470121,Matt Greene
8470604,Jeff Carter
8470606,Dustin Brown
8470617,Mike Richards
8470662,Colin Fraser
8470755,Brad Richardson
8471208,Dustin Penner
8471386,Scott Parse
8471677,Jack Johnson
8471685,Anze Kopitar
8473453,Trevor Lewis
8473908,Kevin Westgarth
8474100,Dwight King
8474166,Alec Martinez
8474518,Davis Drewiske
8474563,Drew Doughty
8474594,Slava Voynov
8474681,Andrei Loktionov
8475160,Kyle Clifford
8475325,Jordan Nolan
8471734,Jonathan Quick
8473541,Jonathan Bernier
8462129,Michal Handzus
8465005,Colin White
8466138,Joe Thornton
8466139,Patrick Marleau
8467096,Dan Boyle
8467899,Martin Havlat
8468114,Douglas Murray
8468213,Jim Vandermeer
8468515,Brad Winchester
8469622,Ryane Clowe
8469685,Andrew Murray
8470613,Brent Burns
8470794,Joe Pavelski
8471338,Torrey Mitchell
8471709,Marc-Edouard Vlasic
8471956,Andrew Desjardins
8473562,John McCarthy
8473600,Benn Ferriero
8473712,Frazer McLaren
8474027,Justin Braun
8474053,Logan Couture
8474218,Jason Demers
8474739,Tommy Wingels
8471306,Thomas Greiss
8474550,Antti Niemi
8459492,Vinny Prospal
8466181,Kristian Huselius
8468001,Derek MacKenzie
8468086,Alexandre Giroux
8468101,Radek Martinek
8468535,Antoine Vermette
8469469,R.J. Umberger
8469492,Fedor Tyutin
8469534,Aaron Johnson
8470041,Rick Nash
8470222,James Wisniewski
8470760,Marc Methot
8470838,Andrew Joudrey
8471187,Brett Lebda
8471261,Dane Byers
8471482,Grant Clitsome
8471760,Cody Bass
8471766,Jared Boll
8471868,Ryan Russell
8473432,Derek Dorsett
8473544,Derick Brassard
8474121,Colton Gillies
8474195,Maksim Mayorov
8474597,Cody Goloubef
8474685,Matt Calvert
8474693,Tomas Kubalik
8474715,Cam Atkinson
8474774,Dalton Prout
8475186,John Moore
8475233,David Savard
8475793,Ryan Johansen
8468166,Curtis Sanford
8473461,Steve Mason
8474057,Allen York
8476803,Shawn Hunwick
8464989,Matt Cullen
8468482,Dany Heatley
8468510,Jeff Taffe
8468584,Jon Disalvatore
8468887,Warren Peters
8469459,Mikko Koivu
8470153,Pierre-Marc Bouchard
8470580,Jed Ortmeyer
8470803,Kyle Brodziak
8470886,Clayton Stoner
8471280,Nick Johnson
8471314,Mike Lundin
8471670,Guillaume Latendresse
8471682,Devin Setoguchi
8471719,Matt Kassian
8471846,Kris Fredheim
8471885,Chad Rau
8473504,Cal Clutterbuck
8473511,David McIntyre
8473932,Darroll Powe
8473992,Justin Falk
8474042,Cody Almond
8474077,Carson McMillan
8474585,Tyler Cuma
8474618,Marco Scandella
8474716,Jared Spurgeon
8475219,Kristopher Foucault
8475602,Casey Wellman
8475613,Nate Prosser
8475679,Jarod Palmer
8475722,Jason Zucker
8475757,Brett Bulmer
8476224,Chay Genoway
8470216,Josh Harding
8473404,Niklas Backstrom
8475252,Matt Hackett
8467353,Nik Antropov
8468493,Ron Hainsey
8468704,Antti Miettinen
8468881,Jason Jaffray
8469501,Chris Thorburn
8469581,Kyle Wellwood
8470061,Derek Meech
8470289,Jim Slater
8470611,Eric Fehr
8470614,Mark Stuart
8470780,Mark Flood
8470828,Toby Enstrom
8470834,Dustin Byfuglien
8470854,Tanner Glass
8470905,Randy Jones
8471217,Andrew Ladd
8471218,Blake Wheeler
8471451,Aaron Gagnon
8471694,Kenndal McArdle
8471978,Brett Festerling
8472379,Tim Stapleton
8473412,Bryan Little
8473459,Arturs Kulda
8474050,Brett MacLean
8474074,Paul Postma
8474146,Spencer Machacek
8474567,Zach Bogosian
8474616,Patrice Cormier
8475159,Carl Klingberg
8475169,Evander Kane
8475788,Alexander Burmistrov
8476460,Mark Scheifele
8462152,Chris Mason
8471715,Ondrej Pavelec
8474771,Peter Mannino
8473944,Matt Anderson
8475199,Eric Gelinas
8476849,Harri Pesonen
8476870,Stefan Matteau
8471712,Jeff Frazee
8476234,Keith Kinkaid
8473514,Jesse Joensuu
8474066,Thomas Hickey
8475314,Anders Lee
8475754,Brock Nelson
8467881,Taylor Pyatt
8474850,Brandon Mashinter
8475749,Christian Thomas
8476468,J.T. Miller
8475342,Oliver Lauridsen
8475395,Matthew Konan
8475775,Tye McGinn
8475917,Jason Akeson
8476872,Scott Laughton
8468038,Michael Leighton
8475761,Beau Bennett
8462033,Wade Redden
8470704,Jamie Tardif
8471246,Chris Bourque
8471262,Carl Soderberg
8475727,Ryan Spooner
8476462,Dougie Hamilton
8475796,Mark Pysyk
8476808,Brian Flynn
8476888,Mikhail Grigorenko
8477244,Chad Ruhwedel
8474688,Greg Pateryn
8475797,Jarred Tinordi
8475848,Brendan Gallagher
8476470,Nathan Beaulieu
8476851,Alex Galchenyuk
8470378,Andre Benoit
8473468,Eric Gryba
8474605,Patrick Wiercioch
8474683,Derek Grant
8475661,Dave Dziurzynski
8476195,Cory Conacher
8476419,Jean-Gabriel Pageau
8473463,Leo Komarov
8473560,Korbinian Holzer
8474497,Michael Kostka
8471853,Nicolas Blanchard
8474052,Chris Terry
8474135,Brett Bellemore
8474615,Jared Staal
8474661,Michal Jordan
8476465,Ryan Murphy
8458529,Alex Kovalev
8473416,Michael Caruso
8473616,Jonathan Rheault
8474554,Eric Selleck
8475213,Drew Shore
8475304,Scott Timmins
8475755,Alexander Petrovic
8475760,Nick Bjugstad
8475769,Quinton Howden
8476456,Jonathan Huberdeau
8470804,Mathieu Roy
8473986,Alex Killorn
8474717,Mark Barberio
8474870,Tyler Johnson
8475209,Richard Panik
8475462,Radko Gudas
8476292,Ondrej Palat
8477205,Andrej Sustr
8473638,Cedrick Desjardins
8465012,Tom Poti
8476162,Steve Oleksy
8476799,Cameron Schilling
8476880,Tom Wilson
8475831,Philipp Grubauer
8465058,Michal Rozsival
8474629,Shawn Lalonde
8475598,Ryan Stanton
8477243,Drew LeBlanc
8475622,Carter Hutton
8474873,Brian Lashoff
8475193,Tomas Tatar
8477059,Damien Brunner
8477215,Danny DeKeyser
8475852,Petr Mrazek
8471733,Rich Clune
8471912,Kevin Henderson
8473658,Victor Bartley
8475192,Taylor Beck
8475766,Austin Watson
8475893,Joonas Rask
8476835,Daniel Bang
8476887,Filip Forsberg
8475765,Vladimir Tarasenko
8476436,Dmitrij Jaskin
8464994,Steve Begin
8474837,Mark Cundari
8474844,Carter Bancks
8475196,Ben Hanowski
8475733,Max Reinhart
8476043,Ben Street
8476834,Roman Cervenka
8471433,Daniel Taylor
8471326,Patrick Bordeleau
8475958,Michael Sgarbossa
8475824,Sami Aittokallio
8474602,Justin Schultz
8476062,Mark Arcobello
8476855,Nail Yakupov
8473911,Steven Pinizzotto
8475147,Jordan Schroeder
8476302,Frank Corrado
8476482,Nicklas Jensen
8472370,Jordan Hendry
8475222,Sami Vatanen
8475770,Emerson Etem
8476483,Rickard Rakell
8476839,Viktor Fasth
8458537,Ray Whitney
8474098,Colton Sceviour
8474849,Antoine Roussel
8475163,Alex Chiasson
8476467,Jamie Oleksiak
8476846,Cristopher Nilstorp
8474162,Jake Muzzin
8475726,Tyler Toffoli
8476871,Tanner Pearson
8468485,Raffi Torres
8471700,Matt Pelech
8473536,James Sheppard
8474032,Nick Petrecki
8475625,Matt Irwin
8476807,Matt Tennyson
8471774,Alex Stalock
8459053,Adrian Aucoin
8471832,Nick Drazenovic
8474207,Nick Holden
8474744,Sean Collins
8476539,Jonathan Marchessault
8475728,Johan Larsson
8475745,Charlie Coyle
8475798,Mikael Granlund
8476463,Jonas Brodin
8475311,Darcy Kuemper
8474061,Anthony Peluso
8474674,James Wright
8474743,Zach Redmond
8475750,Jon Merrill
8476209,Mike Sislo
8476227,Joe Whitney
8476423,Reid Boucher
8474236,Brett Gallant
8476086,Justin Johnson
8476367,John Persson
8476429,Scott Mayfield
8476445,Johan Sundstrom
8476458,Ryan Strome
8476765,Mike Halmo
8477814,Kevin Czuczman
8475795,Dylan McIlrath
8475855,Jesper Fast
8477214,Conor Allen
8475660,Cam Talbot
8477290,Michael Raffl
8476763,Calvin Heeter
8475119,Zach Sill
8475194,Philip Samuelsson
8475208,Brian Dumoulin
8476207,Brian Gibbons
8476522,Adam Payerl
8476874,Olli Maatta
8477126,Jayson Megna
8473553,Jeff Zatkoff
8474660,David Warsofsky
8475414,Craig Cunningham
8475845,Justin Florek
8475902,Zach Trotman
8476191,Kevan Miller
8476435,Alex Khokhlachev
8477228,Matt Lindblad
8473434,Chad Johnson
8476844,Niklas Svedberg
8475235,Nicolas Deslauriers
8475321,Phil Varone
8476878,Zemgus Girgensons
8476931,Jake McCabe
8477499,Rasmus Ristolainen
8477507,Nikita Zadorov
8475303,Connor Knapp
8476319,Nathan Lieuwen
8470366,Martin St Pierre
8475198,Joonas Nattinen
8475739,Michael Bournival
8475889,Patrick Holland
8476879,Cody Ceci
8474855,Nathan Lawson
8477202,Andrew Hammond
8470085,Paul Ranger
8470867,Troy Bodie
8475190,Jamie Devane
8475309,Jerry D'Amigo
8475735,Greg McKegg
8475774,Petter Granberg
8476304,David Broll
8476410,Josh Leivo
8476805,Spencer Abbott
8476853,Morgan Rielly
8477496,Elias Lindholm
8475253,Garrett Wilson
8476389,Vincent Trocheck
8476411,Jonathan Racine
8477493,Aleksander Barkov
8468745,Jean-Philippe Cote
8476453,Nikita Kucherov
8476480,Vladislav Namestnikov
8476975,Cedric Paquette
8477082,Dmitry Korobov
8477832,Cody Kunyk
8477356,Kristers Gudlevskis
8471708,Ryan Stoa
8473505,Peter LeBlanc
8474598,Nicolas Deschamps
8475161,Chris Brown
8475247,Michael Latta
8475275,Patrick Wey
8475567,Julien Brouillette
8475744,Evgeny Kuznetsov
8476941,Connor Carrick
8477220,Nate Schmidt
8475807,Joakim Nordstrom
8476882,Teuvo Teravainen
8477836,Matt Carey
8475720,Kent Simpson
8477293,Antti Raanta
8475157,Landon Ferraro
8475296,Mitch Callahan
8475332,Adam Almquist
8475800,Teemu Pulkkinen
8476289,Alexey Marchenko
8476430,Tomas Jurco
8476443,Xavier Ouellet
8476450,Ryan Sproul
8476822,Luke Glendening
8474939,Mark Van Guilder
8475714,Calle Jarnkrok
8476925,Colton Sissons
8477495,Seth Jones
8477666,Simon Moser
8476433,Magnus Hellberg
8476992,Marek Mazanec
8476427,Ty Rattie
8475260,Corban Knight
8475648,Chris Breen
8475833,Bill Arnold
8475844,Kenny Agostino
8476346,Johnny Gaudreau
8476440,Markus Granlund
8476452,Tyler Wotherspoon
8476827,Chad Billins
8477497,Sean Monahan
8477847,Bryce Van Brabant
8471403,Karri Ramo
8473499,Reto Berra
8475299,Joni Ortio
8471718,Marc-Andre Cliche
8474008,Paul Carey
8476798,Karl Stollery
8477492,Nathan MacKinnon
8475767,Joey Hishon
8470159,Boyd Gordon
8470268,Denis Grebeshkov
8473989,Luke Gazdic
8475716,Martin Marincin
8475752,Tyler Pitlick
8476166,Taylor Fedun
8476179,Will Acton
8476472,Oscar Klefbom
8476779,Brad Hunt
8477289,Anton Belov
8467391,Jason LaBarbera
8469752,Pascal Pelletier
8474601,Yann Sauve
8475423,Darren Archibald
8477201,Kellan Lain
8477816,Michael Zalewski
8474754,Joacim Eriksson
8475663,Eddie Lack
8474005,Alex Grant
8476854,Hampus Lindholm
8475883,Frederik Andersen
8476434,John Gibson
8469798,Maxime Fortunus
8471474,Travis Morin
8474611,Cameron Gaunce
8475246,Kevin Connauton
8475747,Patrik Nemeth
8477501,Valeri Nichushkin
8475789,Jack Campbell
8474638,Andrew Campbell
8475223,Linden Vey
8474889,Martin Jones
8475878,Freddie Hamilton
8476442,Matt Nieto
8476881,Tomas Hertl
8477227,Eriah Hayes
8470065,Ryan Craig
8475808,Michael Chaput
8476432,Boone Jenner
8476850,Ryan Murray
8470093,Mike McKenna
8470147,Curtis McElhinney
8475287,Erik Haula
8476235,Justin Fontaine
8476856,Matt Dumba
8477850,Christian Folin
8474202,John Curry
8474012,John Albert
8474603,Eric O'Dell
8475279,Ben Chiarot
8475815,Julian Melchiori
8476885,Jacob Trouba
8474636,Michael Hutchinson
8475274,Seth Helgeson
8476923,Damon Severson
8477127,Raman Hrabarenka
8476147,Kael Mouillierat
8476852,Griffin Reinhart
8471735,Keith Yandle
8473589,Chris Summers
8475243,Ryan Bourque
8475715,Oscar Lindberg
8475763,Kevin Hayes
8477407,Anthony Duclair
8477084,Mackenzie Skapski
8475723,Petr Straka
8475729,Mark Alt
8476393,Nick Cousins
8476906,Shayne Gostisbehere
8477930,Pierre-Edouard Bellemare
8467972,Rob Zepp
8475810,Bryan Rust
8476293,Scott Wilson
8476339,Dominik Uher
8476449,Scott Harrington
8476769,Bobby Farnham
8476884,Derrick Pouliot
8472365,Bobby Robins
8476363,Brian Ferlin
8476476,Joe Morrow
8476495,Seth Griffith
8477956,David Pastrnak
8476876,Malcolm Subban
8476469,Joel Armia
8477213,Tim Schaller
8477933,Sam Reinhart
8477092,Andrey Makarov
8477413,Sven Andrighetto
8477455,Jacob de la Rose
8478137,Jiri Sekac
8476386,Shane Prince
8476477,Matt Puempel
8477508,Curtis Lazar
8476904,Chris Driedger
8474748,Andrew MacWilliam
8475295,Brandon Kozun
8475842,Sam Carrick
8476478,Stuart Percy
8478376,Casey Bailey
8475250,Andrej Nestrasil
8475294,Rasmus Rissanen
8475732,Danny Biega
8475826,Justin Shugg
8475980,Brody Sutter
8476397,Keegan Lowe
8476437,Victor Rask
8476944,Brendan Woods
8477887,Patrick Brown
8476428,Rocco Grimaldi
8477932,Aaron Ekblad
8474722,Luke Witkowski
8476300,Nikita Nesterov
8476886,Slater Koekkoek
8477494,Jonathan Drouin
8476883,Andrei Vasilevskiy
8475816,Stanislav Galiev
8477070,Liam O'Brien
8477444,Andre Burakovsky
8471879,Kyle Cumiskey
8476394,Michael Paliotta
8476403,Klas Dahlbeck
8476431,Adam Clendening
8476479,Phillip Danault
8477451,Ryan Hartman
8477845,Trevor van Riemsdyk
8478393,Kyle Baun
8474152,Scott Darling
8474591,Tom McCollum
8475868,Anthony Bitetto
8476447,Miikka Salomaki
8477942,Kevin Fiala
8478042,Viktor Arvidsson
8474627,Jori Lehtera
8476989,Petteri Lindbohm
8473673,David Schlemko
8475829,John Ramage
8475907,Micheal Ferland
8476967,Brett Kulak
8477486,Emile Poirier
8477591,Josh Jooris
8477913,David Wolf
8477935,Sam Bennett
8475461,Andrew Agozzino
8476464,Duncan Siemens
8476536,Colin Smith
8477902,Dennis Everberg
8477916,Borna Rendulic
8475717,Calvin Pickard
8475734,Curtis Hamilton
8475869,Brandon Davidson
8476336,Iiro Pakarinen
8476426,David Musil
8477249,Andrew Miller
8477410,Bogdan Yakimov
8477498,Darnell Nurse
8477851,Jordan Oesterle
8477934,Leon Draisaitl
8475781,Tyler Bunz
8476316,Laurent Brossoit
8468085,Radim Vrbata
8473415,Alex Biega
8476214,Brandon DeFazio
8477500,Bo Horvat
8477589,Ronalds Kenins
8475203,Jesse Blacker
8475780,Chris Wagner
8476312,Josh Manson
8476384,Max Friberg
8476448,William Karlsson
8476474,Stefan Noesen
8475310,Curtis McKenzie
8475896,Brendan Ranford
8475906,John Klingberg
8476279,Jyrki Jokipakka
8476439,Brett Ritchie
8476404,Andy Andreoff
8476406,Nicholas Shore
8474516,Bryan Lerg
8476549,Daniil Tarasov
8476624,Barclay Goodrow
8476919,Chris Tierney
8477509,Mirco Mueller
8477922,Melker Karlsson
8477234,Troy Grosenick
8476981,Josh Anderson
8477448,Marko Dano
8477505,Alex Wennberg
8477510,Kerby Rychel
8476341,Anton Forsberg
8476344,Tyler Graovac
8476392,Adam Lowry
8477429,Andrew Copp
8462038,Shane Doan
8470719,Alexandre Bolduc
8471231,Kyle Chipchura
8471232,Lauri Korpikoski
8471691,Martin Hanzal
8474571,Mikkel Boedker
8474628,Michael Stone
8474793,Justin Hodgman
8475171,Oliver Ekman-Larsson
8475224,Jordan Szwarz
8475759,Brandon Gormley
8475996,Brendan Shinnimin
8476356,Tobias Rieder
8476451,Lucas Lessio
8476473,Connor Murphy
8476868,Henrik Samuelsson
8476921,Jordan Martinook
8477715,Tyler Gaudet
8469608,Mike Smith
8475839,Louis Domingue
8476200,Paul Thompson
8476370,Blake Pietila
8476772,Brian O'Neill
8477010,Joseph Blandisi
8477425,Miles Wood
8477463,Steven Santini
8478401,Pavel Zacha
8478566,Sergey Kalinin
8478584,Vojtech Mozik
8475809,Scott Wedgewood
8476409,Alan Quine
8476917,Adam Pelech
8477506,Ryan Pulock
8477527,Ross Johnston
8475234,J-F Berube
8476444,Christopher Gibson
8475949,Marek Hrivik
8476869,Brady Skjei
8475738,Jordan Weal
8476955,Taylor Leier
8478563,Evgeny Medvedev
8475832,Tom Kuhnhackl
8476326,Josh Archibald
8476897,Oskar Sundqvist
8477839,Conor Sheary
8478466,Daniel Sprong
8478866,Dominik Simon
8478928,Sergei Plotnikov
8476899,Matt Murray
8474019,Tommy Cross
8475292,Tyler Randell
8476525,Colin Miller
8478366,Frank Vatrano
8478564,Joonas Kemppainen
8478569,Noel Acciari
8476401,Daniel Catenacci
8476766,Cole Schneider
8477392,Hudson Fasching
8477473,Justin Bailey
8478403,Jack Eichel
8478542,Evan Rodrigues
8479268,Casey Nelson
8476309,Jason Kasdorf
8476999,Linus Ullmark
8473431,Bud Holloway
8475782,Morgan Ellis
8476379,Darren Dietz
8476948,Charles Hudon
8477446,Michael McCarron
8477810,Joel Hanley
8477901,Daniel Carr
8478004,Brett Lernout
8478963,Ryan Johnston
8477237,Mike Condon
8479292,Charlie Lindgren
8475227,Chris Wideman
8476288,Ryan Dzingel
8476323,Max McCormick
8476368,Fredrik Claesson
8477210,Buddy Robinson
8477426,Nicholas Paul
8477433,Ben Harpur
8478559,Matthew O'Connor
8475278,Byron Froese
8475786,Zach Hyman
8476894,Brendan Leipsic
8477015,Connor Brown
8477033,Viktor Loov
8477427,Tobias Lindberg
8477512,Frederik Gauthier
8477642,Rinat Valiev
8477939,William Nylander
8477953,Kasperi Kapanen
8478373,Nikita Soshnikov
8476343,Garret Sparks
8476858,Phillip Di Giuseppe
8476934,Brock McGinn
8476953,Trevor Carrick
8476958,Jaccob Slavin
8477488,Brett Pesce
8477566,Sergey Tolchinsky
8478396,Noah Hanifin
8478585,Derek Ryan
8474698,Brent Regner
8475736,Connor Brickley
8475756,John McFarland
8476400,Logan Shaw
8476415,Kyle Rau
8476875,Mike Matheson
8476826,Yanni Gourde
8477326,Joel Vermin
8476905,Chandler Stephenson
8474588,Viktor Tikhonov
8476471,Mark McNeill
8476979,Erik Gustafsson
8476994,Vinnie Hinostroza
8477300,Viktor Svedberg
8477929,Dennis Rasmussen
8478528,Tanner Kero
8478550,Artemi Panarin
8476960,Andreas Athanasiou
8477511,Anthony Mantha
8477931,Tomas Nosek
8477946,Dylan Larkin
8476857,Pontus Aberg
8477424,Juuse Saros
8476441,Joel Edmundson
8476892,Colton Parayko
8477952,Robby Fabbri
8476412,Jordan Binnington
8477831,Pheonix Copley
8476505,Turner Elson
8476890,Patrick Sieloff
8477445,Hunter Shinkaruk
8477903,Garnet Hathaway
8478430,Oliver Kylington
8478562,Jakub Nakladal
8473550,Andrew Bodnarchuk
8477453,Chris Bigras
8478420,Mikko Rantanen
8478561,Andreas Martinsen
8477914,Roman Will
8476915,Jujhar Khaira
8477415,Anton Slepyshev
8478402,Connor McDavid
8475836,Alex Friesen
8476388,Andrey Pedan
8476414,Alexandre Grenier
8476867,Brendan Gaunce
8477018,Ben Hutton
8477937,Jake Virtanen
8477955,Jared McCann
8477997,Nikita Tryamkin
8477447,Shea Theodore
8477941,Nick Ritchie
8475730,Stephen Johns
8476889,Radek Faksa
8476902,Esa Lindell
8476913,Devin Shore
8477406,Mattias Janmark
8477450,Jason Dickinson
8475343,Nic Dowd
8475762,Derek Forbort
8475857,Kevin Gravel
8476352,Michael Mersch
8475820,Joonas Donskoi
8476331,Dylan DeMelo
8477846,Ryan Carpenter
8477958,Nikolay Goldobin
8477416,Oliver Bjorkstrand
8477947,Sonny Milano
8478541,Markus Hannikainen
8478567,Dean Kukan
8476914,Joonas Korpisalo
8476422,Mike Reilly
8476545,Kurtis Gabriel
8477006,Christoph Bertschy
8477467,Gustav Olofsson
8477923,Michael Keranen
8476910,Scott Kosmachuk
8477076,JC Lipon
8477464,Nic Petan
8477504,Josh Morrissey
8477940,Nikolaj Ehlers
8478029,Chase De Leo
8479293,Brandon Tanev
8476945,Connor Hellebuyck
8477460,Laurent Dauphin
8477503,Max Domi
8478999,Niklas Treutle
8476399,Blake Coleman
8476526,Ben Thomson
8477961,John Quenneville
8478480,Blake Speers
8479250,Nick Lappin
8479291,Kevin Rooney
8479483,Yohann Auvitu
8480081,Michael Kapla
8477881,Connor Jones
8477959,Joshua Ho-Sang
8478445,Mathew Barzal
8478463,Anthony Beauvillier
8476918,Jimmy Vesey
8476922,Boo Nieves
8477402,Pavel Buchnevich
8477462,Robert Hagg
8477502,Samuel Morin
8478439,Travis Konecny
8478500,Ivan Provorov
8479648,Roman Lyubimov
8480087,Mike Vecchione
8476932,Anthony Stolarz
8477240,Carter Rowney
8477404,Jake Guentzel
8477520,Jean-Sebastien Dea
8477465,Tristan Jarry
8476303,Rob O'Gara
8476374,Sean Kuraly
8476891,Matt Grzelcyk
8477320,Anton Blidh
8477417,Peter Cehlarik
8478046,Danton Heinen
8478417,Jakob Forsbacka Karlsson
8478443,Brandon Carlo
8478512,Austin Czarnik
8479325,Charlie McAvoy
8475876,Zane McIntyre
8475982,Erik Burgdoerfer
8477041,Brady Austin
8477391,Sean Malone
8477478,William Carrier
8477491,Nick Baptiste
8478425,Brendan Guhle
8479423,Alex Nylander
8480083,C.J. Smith
8477476,Artturi Lehkonen
8477957,Nikita Scherbak
8479410,Mikhail Sergachev
8474018,Christopher DiDomenico
8477971,Andreas Englund
8478400,Colin White
8478469,Thomas Chabot
8478483,Mitchell Marner
8479318,Auston Matthews
8479458,Nikita Zaitsev
8477312,Antoine Bibeau
8476924,Martin Frk
8477458,Valentin Zykov
8478027,Lucas Wallmark
8478427,Sebastian Aho
8479249,Andrew Poturalski
8477968,Alex Nedeljkovic
8479115,Jorge Alves
8475597,Shane Harper
8477346,MacKenzie Weegar
8477452,Ian McCoshen
8478843,Denis Malgin
8476285,Matthew Peca
8476911,Tanner Richard
8477009,Jake Dotchin
8477454,Adam Erne
8478010,Brayden Point
8475291,Garrett Mitchell
8477003,Riley Barber
8477482,Zach Sanford
8477944,Jakub Vrana
8477353,Tyler Motte
8477401,John Hayden
8477951,Nick Schmaltz
8478055,Gustav Forsling
8479482,Michal Kempny
8475324,Nick Jensen
8476418,Robbie Russo
8477479,Tyler Bertuzzi
8478371,Matt Lorito
8478431,Evgeny Svechnikov
8479252,Dan Renouf
8477225,Jared Coreau
8475436,Mike Liambas
8477919,Frederick Gaudreau
8477973,Vladislav Kamenev
8478851,Alexandre Carrier
8475263,Wade Megan
8476877,Jordan Schmaltz
8477964,Ivan Barbashev
8476873,Mark Jankowski
8478397,Rasmus Andersson
8479314,Matthew Tkachuk
8476903,Jon Gillies
8479496,David Rittich
8476511,Samuel Henley
8477456,J.T. Compher
8478073,Anton Lindholm
8478421,A.J. Greer
8479370,Tyson Jost
8474092,Jeremy Smith
8477484,Spencer Martin
8476416,Dillon Simpson
8476988,Matt Benning
8479344,Jesse Puljujarvi
8479465,Drake Caggiula
8475210,Anton Rodin
8476390,Joseph Cramarossa
8476425,Joseph LaBate
8477091,Evan McEneny
8478444,Brock Boeser
8479442,Troy Stecher
8479969,Griffen Molino
8476866,Nicolas Kerdiles
8477034,Jaycob Megna
8477466,Nick Sorensen
8477986,Brandon Montour
8478131,Ondrej Kase
8478491,Jacob Larsson
8479290,Kalle Kossila
8475413,Justin Dowling
8476966,Gemel Smith
8477461,Remi Elie
8477945,Julius Honka
8478495,Denis Gurianov
8476983,Paul LaDue
8477380,Jonny Brodzinski
8477960,Adrian Kempe
8475834,Marcus Sorensen
8475841,Tim Heed
8476982,Danny O'Regan
8478099,Kevin Labanc
8478414,Timo Meier
8477180,Aaron Dell
8476310,Lukas Sedlak
8476391,T.J. Tynan
8478460,Zach Werenski
8478506,Gabriel Carlsson
8478906,Markus Nutivaara
8476219,Patrick Cannone
8476619,Zack Mitchell
8477949,Alex Tuch
8478493,Joel Eriksson Ek
8478031,Nelson Nogier
8478398,Kyle Connor
8478458,Jack Roslovic
8479339,Patrik Laine
8477480,Eric Comrie
8477943,Brendan Perlini
8477950,Tony DeAngelo
8477989,Christian Dvorak
8478432,Christian Fischer
8478440,Dylan Strome
8478474,Lawson Crouse
8479343,Clayton Keller
8479345,Jakob Chychrun
8476986,Marek Langhamer
8477355,Will Butcher
8479407,Jesper Bratt
8480002,Nico Hischier
8478965,Kenneth Appleby
8477936,Michael Dal Colle
8479206,Tanner Fritz
8480222,Sebastian Aho
8476396,Steven Fogarty
8477337,John Gilmour
8479968,Vinni Lettieri
8480072,Lias Andersson
8480078,Filip Chytil
8480145,Neal Pionk
8477990,Brandon Halverson
8480382,Alexandar Georgiev
8473440,Will O'Neill
8477399,Tyrell Goulbourne
8477948,Travis Sanheim
8478067,Oskar Lindblom
8478365,Danick Martel
8479974,Nolan Patrick
8479312,Alex Lyon
8479944,Zach Aston-Reese
8479193,Casey DeSmith
8477529,Colby Cave
8477987,Ryan Donato
8478075,Anders Bjork
8478498,Jake DeBrusk
8479304,Kyle Criscuolo
8479755,Victor Antipin
8479999,Casey Mittelstadt
8476330,Adam Wilcox
8478454,Noah Juulsen
8479376,Victor Mete
8480143,Jakub Jerabek
8475328,Ben Sexton
8478268,Jack Rodewald
8478488,Filip Chlapik
8478846,Christian Wolanin
8478868,Christian Jaros
8479366,Logan Brown
8480029,Alex Formenton
8475718,Justin Holl
8477341,Andreas Johnsson
8478408,Travis Dermott
8480157,Calle Rosen
8480158,Andreas Borgman
8477938,Haydn Fleury
8477981,Roland McKeown
8477998,Warren Foegele
8478462,Nicolas Roy
8479511,Janne Kuokkanen
8480039,Martin Necas
8476322,Chase Balisy
8477583,Curtis Valk
8478211,Dryden Hunt
8479404,Henrik Borgstrom
8479553,Maxim Mamin
8480015,Owen Tippett
8480164,Henrik Haapala
8474667,Harri Sateri
8478519,Anthony Cirelli
8476329,Travis Boyd
8477043,Christian Djoos
8477474,Madison Bowey
8477573,Nathan Walker
8478063,Shane Gersich
8477472,Carl Dahlstrom
8478106,Dylan Sikura
8478146,Matthew Highmore
8479337,Alex DeBrincat
8479595,Blake Hillman
8480144,David Kampf
8480153,Victor Ejdsell
8480172,Jan Rutta
8471301,Jeff Glass
8479138,Scott Foster
8480420,Collin Delia
8477994,Dominic Turgeon
8478176,Joe Hicketts
8479398,Samuel Girard
8480009,Eeli Tolvanen
8478104,Sammy Blais
8478407,Vince Dunn
8479420,Tage Thompson
8480761,Mitch Reinke
8477449,Morgan Klimchuk
8478233,Andrew Mangiapane
8479066,Ryan Lomberg
8480330,Spencer Foo
8476952,Dominic Toninato
8477021,Alex Kerfoot
8478842,Andrei Mironov
8478451,Ethan Bear
8479977,Kailer Yamamoto
8477085,Ashton Sautner
8478874,Adam Gaudette
8480163,Philip Holm
8477967,Thatcher Demko
8476407,Andy Welinski
8476971,Kevin Roy
8477969,Marcus Pettersson
8478873,Troy Terry
8479613,Giovanni Fiore
8477471,Dillon Heatherington
8476020,Andrew Crescenzi
8477073,Kurtis MacDermid
8477428,Justin Auger
8478020,Michael Amadio
8480113,Alex Iafallo
8480147,Oscar Fantenberg
8480771,Daniel Brickley
8477046,Joakim Ryan
8479580,Dylan Gambrell
8476283,Alex Broadhurst
8479400,Pierre-Luc Dubois
8480762,Eric Robinson
8476372,Nick Seeler
8477369,Carson Soucy
8478011,Louie Belpedio
8478413,Jordan Greenway
8479316,Luke Kunin
8480082,Justin Kloos
8477359,Tucker Poolman
8477962,Brendan Lemieux
8478915,Sami Niku
8474131,Mario Kempe
8477541,Dakota Mermis
8477634,Trevor Murphy
8478447,Nick Merkley
8478476,Kyle Capobianco
8478499,Adin Hill
8476617,Tomas Hyka
8479650,Vadim Shipachyov
8480727,Zach Whitecloud
8476509,Maxime Lagace
8476861,Oscar Dansk
8480263,Dylan Ferguson
8477972,Josh Jacobs
8478841,Colton White
8478881,Brett Seney
8479315,Joey Anderson
8479330,Brandon Gignac
8479414,Nathan Bastian
8479415,Michael McLeod
8480948,Egor Yakovlev
8478406,Mackenzie Blackwood
8478038,Devon Toews
8479324,Ryan Lindgren
8479333,Libor Hajek
8479353,Brett Howden
8479364,Tim Gettinger
8477979,Nicolas Aube-Kubel
8478017,Mark Friedman
8478844,Mikhail Vorobyev
8479026,Philippe Myers
8479394,Carter Hart
8476927,Teddy Blueger
8480341,Adam Johnson
8480945,Juuso Riikola
8477365,Connor Clifton
8478415,Jakub Zboril
8478468,Jeremy Lauzon
8478485,Zach Senyshyn
8479365,Trent Frederic
8480001,Urho Vaakanainen
8480901,Karson Kuhlman
8478109,Victor Olofsson
8478840,Will Borgen
8480839,Rasmus Dahlin
8480935,Lawrence Pilut
8480068,Ryan Poehling
8480829,Jesperi Kotkaniemi
8478870,Rudolfs Balcers
8479320,Max Lajoie
8479411,Vitaly Abramov
8480073,Erik Brannstrom
8480208,Drake Batherson
8480314,Max Veronneau
8480801,Brady Tkachuk
8477405,Marcus Hogberg
8478916,Joey Daccord
8479675,Trevor Moore
8480943,Igor Ozhiganov
8480944,Par Lindholm
8477357,Saku Maenalanen
8478056,Clark Bishop
8479402,Jake Bean
8480830,Andrei Svechnikov
8478839,Aleksi Saarela
8477384,Josh Brown
8477963,Jayce Hawryluk
8477996,Juho Lammikko
8479388,Riley Stillman
8479439,Jacob MacDonald
8479447,Anthony Greco
8480955,Bogdan Kiselevich
8481442,Brady Keeper
8478470,Sam Montembeault
8478416,Erik Cernak
8478472,Mathieu Joseph
8475277,Edward Pasquale
8477343,Tyler Lewington
8478399,Jonas Siegenthaler
8477366,Luke Johnson
8478502,Dennis Gilbert
8479657,Alexandre Fortin
8480035,Henri Jokiharju
8480946,Dominik Kahun
8480954,Jacob Nilsson
8477865,Jake Chelios
8478036,Christoffer Ehn
8479395,Dennis Cholowski
8479425,Filip Hronek
8479992,Michael Rasmussen
8480161,Libor Sulak
8480821,Filip Zadina
8481426,Ryan Kuffner
8481433,Taro Hirose
8480363,Kaden Fulcher
8476278,Colin Blackwell
8478409,Anthony Richard
8479371,Dante Fabbro
8479514,Rem Pitlick
8476907,Mackenzie MacEachern
8479385,Jordan Kyrou
8480023,Robert Thomas
8479346,Dillon Dube
8479976,Juuso Valimaki
8477435,Ryan Graves
8480326,Sheldon Dries
8481186,Logan O'Connor
8480069,Cale Makar
8480925,Pavel Francouz
8477680,Josh Currie
8478442,Cooper Marody
8478452,Caleb Jones
8479466,Patrick Russell
8479970,Joseph Gambardella
8480803,Evan Bouchard
8475156,Mikko Koskinen
8478465,Guillaume Brisebois
8479772,Zack MacEwen
8480012,Elias Pettersson
8480800,Quinn Hughes
8481425,Josh Teves
8481479,Brogan Rafferty
8480022,Michael DiPietro
8479351,Sam Steel
8479368,Max Jones
8479372,Josh Mahura
8480031,Max Comtois
8480748,Kiefer Sherwood
8480806,Isac Lundestrom
8479294,Kevin Boyle
8478449,Roope Hintz
8479416,Ben Gleason
8479945,Gavin Bayreuther
8480036,Miro Heiskanen
8480769,Joel L'Esperance
8479016,Landon Bow
8478455,Austin Wagner
8478911,Matt Roy
8479336,Carl Grundstrom
8479644,Matt Luff
8479994,Jaret Anderson-Dolan
8480336,Sean Walker
8480776,Sheldon Rempal
8481481,Blake Lizotte
8477361,Cal Petersen
8478078,Rourke Chartier
8478136,Jake Middleton
8480160,Radim Simek
8480780,Lukas Radil
8480965,Antti Suomela
8478831,Kevin Stenlund
8478949,Kole Sherwood
8480074,Alexandre Texier
8478882,Vladislav Gavrikov
8481477,Nico Sturm
8478891,Mason Appleton
8480005,Kristian Vesalainen
8478047,Michael Bunting
8478856,Conor Garland
8480950,Ilya Lyubushkin
8480112,Hunter Miska
8481486,Jimmy Schuldt
8477038,Nikita Gusev
8480003,Jesper Boqvist
8481559,Jack Hughes
8480213,Gilles Senn
8478367,Cole Bardreau
8479356,Kieffer Bellows
8479526,Otto Koivula
8480789,Oliver Wahlstrom
8480865,Noah Dobson
8479323,Adam Fox
8479328,Julien Gauthier
8481554,Kaapo Kakko
8478048,Igor Shesterkin
8478436,David Kase
8479358,Carsen Twarynski
8479382,Connor Bunnaman
8479424,German Rubtsov
8480028,Morgan Frost
8480797,Joel Farabee
8476974,Thomas Di Pauli
8478043,Sam Lafferty
8478074,Anthony Angello
8478507,John Marino
8478888,Cameron Hughes
8480021,Jack Studnicka
8478435,Dan Vladar
8475748,Dalton Smith
8479335,Rasmus Asplund
8477992,Jonas Johansson
8478133,Jake Evans
8478838,Lukas Vejdemo
8479985,Cale Fleury
8480018,Nick Suzuki
8481105,Otto Leskinen
8475968,Alex Belzile
8480051,Cayden Primeau
8477149,Scott Sabourin
8478833,J.C. Beaudin
8480064,Josh Norris
8480247,Jonathan Davidsson
8478115,Pierre Engvall
8478857,Dmytro Timashov
8478975,Mason Marchment
8478996,Adam Brooks
8479510,Egor Korshkov
8480043,Timothy Liljegren
8480873,Rasmus Sandin
8481624,Ilya Mikheyev
8481582,Nicholas Robertson
8479288,Kasimir Kaskisuo
8479987,Morgan Geekie
8480185,Eetu Luostarinen
8479188,David Ayres
8477409,Carter Verhaeghe
8478477,Mitchell Stephens
8480186,Alexander Volkov
8479359,Beck Malenstyn
8480796,Martin Fehervary
8477314,Brian Pinho
8478492,Ilya Samsonov
8477330,Dominik Kubalik
8479523,Lucas Carlsson
8479542,Brandon Hagel
8480814,Nicolas Beaudin
8480871,Adam Boqvist
8481523,Kirby Dach
8481637,Anton Wedin
8479379,Givani Smith
8480184,Gustav Lindström
8478508,Yakov Trenin
8479671,Mathieu Olivier
8478013,Jake Walman
8478040,Austin Poganski
8478859,Niko Mikkola
8480011,Klim Kostin
8481630,Alexander Yelesin
8479982,Conor Timmins
8480822,Martin Kaut
8479530,Adam Werner
8478021,William Lagesson
8479347,Tyler Benson
8480940,Joel Persson
8481638,Joakim Nygard
8481813,Gaetan Haas
8479355,Olli Juolevi
8475825,Jani Hakanpää
8479381,Nick Caamano
8479587,Rhett Gardner
8480027,Jason Robertson
8481641,Joel Kiviranta
8481581,Thomas Harley
8479979,Jake Oettinger
8476947,Nikolai Prokhorkin
8479348,Kale Clague
8479998,Mikey Anderson
8480014,Gabriel Vilardi
8481600,Tobias Bjornfot
8477983,Maxim Letunov
8479393,Noah Gregor
8479571,Joachim Blichfeld
8479983,Mario Ferraro
8480384,Alexander True
8481515,Danil Yurtaykin
8481516,Joel Kellman
8481640,Lean Bergmann
8481812,Nikolai Knyzhov
8477974,Ryan MacInnis
8479369,Andrew Peeke
8479557,Calvin Thurkauf
8480205,Emil Bemstrom
8480853,Liam Foudy
8481650,Jakob Lilja
8478007,Elvis Merzlikins
8480162,Matiss Kivlenieks
8479734,Brennan Menell
8479933,Gerry Mayhew
8478039,Kaapo Kahkonen
8478058,CJ Suess
8478424,Jansen Harkins
8481019,David Gustafsson
8481572,Ville Heinola
8481642,Andrei Chibisov
8481649,Joona Luoto
8480849,Barrett Hayton
8480913,Jordan Gross
8476987,Jake Bischoff
8478434,Keegan Kolesar
8479748,Gage Quinney
8479980,Nicolas Hague
8479996,Cody Glass
8479573,Mikhail Maltsev
8480226,Marián Studenič
8480860,Kevin Bahl
8480883,Ty Smith
8481068,Yegor Sharangovich
8481518,Nolan Foote
8481740,Tyce Thompson
8478009,Ilya Sorokin
8479462,Tarmo Reunanen
8480289,Morgan Barron
8480817,K'Andre Miller
8480833,Vitali Kravtsov
8481708,Zac Jones
8482109,Alexis Lafrenière
8482179,Justin Richards
8479322,Wade Allison
8479550,Tanner Laczynski
8480201,Maksim Sushko
8481178,Egor Zamula
8481546,Cam York
8482654,Jackson Cates
8480058,Pierre-Olivier Joseph
8482055,Drew O'Connor
8482241,Radim Zohorna
8479546,Oskar Steen
8482072,Jack Ahcan
8480280,Jeremy Swayman
8479419,Brett Murray
8480196,Jacob Bryson
8480807,Mattias Samuelsson
8481528,Dylan Cozens
8481626,Arttu Ruotsalainen
8475920,Michael Houser
8480045,Ukko-Pekka Luukkonen
8481014,Alexander Romanov
8481058,Jesse Ylönen
8481540,Cole Caufield
8480448,Parker Kelly
8480879,Jacob Bernard-Docker
8481596,Shane Pinto
8481629,Olle Alsing
8482116,Tim Stützle
8482245,Artem Zub
8479406,Filip Gustavsson
8482222,Alexander Barabanov
8482247,Mikko Lehtonen
8478904,Steven Lorentz
8480466,Joey Keane
8480037,Aleksi Heponiemi
8480844,Grigori Denisenko
8482641,Matt Kiersted
8481519,Spencer Knight
8478049,Ben Thomas
8478069,Daniel Walcott
8479525,Ross Colton
8479718,Alex Barré-Boulet
8479984,Cal Foote
8477544,Philippe Maillet
8479516,Garrett Pilon
8481580,Connor McMichael
8477970,Vitek Vanecek
8480025,MacKenzie Entwistle
8480070,Ian Mitchell
8480293,Wyatt Kalynuk
8480459,Pius Suter
8480798,Philipp Kurashev
8480831,Alec Regula
8481147,Reese Johnson
8482635,Mike Hardman
8480947,Kevin Lankinen
8480813,Joe Veleno
8482240,Mathias Brome
8479329,Frederic Allard
8479602,Jeremy Davies
8479661,Tanner Jeannot
8480063,David Farrance
8482062,Cole Smith
8478057,Dakota Joshua
8478024,Ville Husso
8478446,Glenn Gawdin
8479547,Matthew Phillips
8480008,Adam Ruzicka
8482067,Connor Mackey
8481501,Artyom Zagidulin
8477335,Kyle Burroughs
8479387,Keaton Middleton
8481524,Bowen Byram
8481618,Alex Newhook
8480846,Sampo Ranta
8480802,Ryan McLeod
8479973,Stuart Skinner
8478970,Jalen Chatfield
8479367,William Lockwood
8479981,Jonah Gadjovich
8479986,Kole Lind
8480056,Jack Rathbone
8481535,Nils Hoglander
8482063,Marc Michaelis
8481122,Simon Benoit
8481533,Trevor Zegras
8482142,Jamie Drysdale
8480848,Ty Dellandrea
8480221,Drake Rymsha
8480467,Austin Strand
8480845,Rasmus Kupari
8481560,Arthur Kaliyev
8482124,Quinton Byfield
8478467,Nicolas Meloche
8479705,Jeffrey Viel
8480053,Sasha Chmelevski
8480276,Ivan Chekhovich
8481077,John Leonard
8482248,Fredrik Handemark
8482369,Brinson Pasichnuk
8480373,Josef Korenar
8482246,Alexei Melnichuk
8482623,Josh Dunne
8481001,Veini Vehvilainen
8478864,Kirill Kaprizov
8480884,Calen Addison
8479378,Logan Stanley
8478967,Lane Pederson
8480890,Jan Jenik
8481599,Victor Soderstrom
8481031,Ivan Prosvetov
8479639,Dylan Coghlan
8481522,Peyton Krebs
8480313,Logan Thompson
8477419,Mason Geertsen
8480054,Reilly Walsh
8480188,Fabian Zetterlund
8481537,Nikita Okhotiuk
8482110,Dawson Mercer
8482125,Alexander Holtz
8481033,Akira Schmid
8482076,Nico Daws
8480071,Robin Salo
8480306,Grant Hutton
8480878,Nils Lundkvist
8482073,Braden Schneider
8478903,Adam Huska
8478051,Max Willman
8478173,Hayden Hodgson
8479534,Linus Hogberg
8480019,Isaac Ratcliffe
8480220,Noah Cates
8481521,Ronnie Attard
8481553,Bobby Brink
8482243,Linus Sandin
8478433,Felix Sandstrom
8479512,Kasper Bjorkqvist
8480842,Filip Hallander
8481703,Valtteri Puustinen
8482834,Jesper Froden
8483397,Marc McLaughlin
8479289,Ethan Prow
8479578,Casey Fitzgerald
8482061,Brandon Biro
8482097,Jack Quinn
8482175,JJ Peterka
8482671,Owen Power
8477631,Brandon Baddock
8479543,Michael Pezzetta
8480858,Cam Hillis
8480887,Jordan Harris
8481093,Rafael Harvey-Pinard
8481461,Corey Schueneman
8481555,Mattias Norlinder
8482111,Justin Barron
8478933,Michael McNiven
8480355,Mark Kastelic
8481102,Egor Sokolov
8481133,Cole Reinhardt
8481575,Lassi Thomson
8481657,Viktor Lodin
8481544,Mads Sogaard
8479729,Kristians Rubins
8481720,Nick Abruzzese
8482634,Alex Steeves
8482815,Kirill Semyonov
8478902,Erik Kallgren
8479361,Joseph Woll
8480835,Jack Drury
8482093,Seth Jarvis
8479581,Jack LaFontaine
8481611,Pyotr Kochetkov
8479597,Chase Priskie
8481655,Cole Schwindt
8482113,Anton Lundell
8478178,Darren Raddysh
8479383,Boris Katchouk
8479390,Taylor Raddysh
8479413,Sean Day
8480863,Gabriel Fortier
8481597,Hugo Alnefelt
8479321,Lucas Johansen
8479536,Axel Jonsson-Fjallby
8480823,Alexander Alexeyev
8481441,Joe Snively
8481517,Brett Leason
8481656,Aliaksei Protas
8482148,Hendrix Lapierre
8477457,Zach Fucale
8480231,Jakub Galvas
8481004,Josiah Slavin
8481568,Alex Vlasic
8482117,Lukas Reichel
8482192,Isaak Phillips
8482821,Arvid Soderblom
8478486,Chase Pearson
8481542,Moritz Seider
8482078,Lucas Raymond
8478438,Tommy Novak
8481577,Philip Tomasino
8478971,Connor Ingram
8480281,Alexey Toropchenko
8481059,Scott Perunovich
8482089,Jake Neighbours
8480981,Joel Hofer
8482652,Walker Duehr
8483570,Ben Meyers
8481020,Justus Annunen
8479338,Markus Niemelainen
8480041,Dmitri Samorukov
8481598,Philip Broberg
8482077,Dylan Holloway
8481617,Vasily Podkolzin
8480870,Benoit-Olivier Groulx
8481003,Hunter Drew
8481530,Brayden Tracey
8481815,Bryce Kindopp
8482150,Jacob Perreault
8482745,Mason McTavish
8480591,Thomas Hodges
8480843,Lukas Dostal
8479362,Riley Tufte
8479518,Fredrik Karlström
8480216,Jacob Peterson
8480988,Riley Damiani
8478250,Vladimir Tkachev
8479421,Jacob Moverare
8480434,Sean Durzi
8481239,Samuel Fagemo
8481532,Alex Turcotte
8481606,Jordan Spence
8479373,Jonathan Dahlen
8480060,Scott Reedy
8480304,Jayden Halbgewachs
8480847,Ryan Merkley
8481061,Jasper Weatherby
8481552,Artemi Kniazev
8481701,Santeri Hatakka
8482133,Thomas Bordeleau
8482197,Adam Raska
8482667,William Eklund
8479313,Zach Sawchenko
8476345,Gregory Hofmann
8479941,Justin Danforth
8480292,Carson Meyer
8480441,Trey Fix-Wolansky
8481161,Jake Christiansen
8482475,Yegor Chinakhov
8482660,Kent Johnson
8482705,Cole Sillinger
8483565,Nick Blankenburg
8480193,Daniil Tarasov
8479520,Brandon Duhaime
8479972,Mason Shaw
8480980,Connor Dewar
8481489,Jon Lizotte
8481550,Adam Beckman
8481557,Matt Boldy
8482070,Mitchell Chaffee
8482079,Marco Rossi
8479591,Michael Eyssimont
8480049,Dylan Samberg
8480192,Johnathan Kovacevic
8480443,Kristian Reichel
8480990,Declan Chisholm
8482149,Cole Perfetti
8482408,Jeff Malott
8478062,Dysin Mayo
8478147,Bokondji Imama
8479341,Cam Dineen
8479619,Michael Carcone
8480855,Jack McBain
8480979,Nathan Smith
8481609,Vladislav Kolyachonok
8481711,Matias Maccelli
8481827,Ben McCartney
8482655,J.J. Moser
8478872,Karel Vejmelka
8479991,Jake Leschyshyn
8480007,Jonas Rondbjerg
8480259,Ben Jones
8481032,Paul Cotter
8481167,Brayden Pachal
8481527,Kaedan Korczak
8481604,Pavel Dorofeyev
8481849,Zack Hayes
8482624,Daniil Miromanov
8482665,Matty Beniers
8482684,Luke Hughes
8478450,Parker Wotherspoon
8480242,Arnaud Durandeau
8481541,Samuel Bolduc
8481601,Simon Holmstrom
8482207,William Dufour
8482691,Aatu Raty
8482157,Will Cuylle
8480245,Olle Lycksell
8480874,Adam Ginning
8482159,Tyson Foerster
8482452,Elliot Desnoyers
8481035,Samuel Ersson
8480836,Jonathan Gruden
8481591,Sam Poulin
8479533,Joona Koppanen
8480880,Jakub Lauko
8481751,Lukas Rousek
8482221,Devon Levi
8480034,Joel Teasdale
8482081,Sean Farrell
8482087,Kaiden Guhle
8482964,Arber Xhekaj
8483424,Owen Beck
8483515,Juraj Slafkovsky
8483549,Lucas Condotta
8481422,Jacob Lucchini
8481679,Maxence Guenette
8482092,Ridly Greig
8482095,Tyler Kleven
8482105,Jake Sanderson
8480867,Kevin Mandolese
8482447,Leevi Merilainen
8480439,Mac Hollowell
8480820,Filip Kral
8480977,Semyon Der-Arguchintsev
8480995,Pontus Holmberg
8482259,Bobby McMann
8482720,Matthew Knies
8483183,Jett Alexander
8483641,Anton Levtchi
8480246,Nick Perbix
8481043,Cole Koepke
8482861,Vincent Iorio
8478224,Luke Philp
8480252,Cole Guttman
8480328,David Gust
8482176,Wyatt Kaiser
8483619,Filip Roos
8479380,Dylan Wells
8483530,Jaxson Stauber
8481013,Jonatan Berggren
8481725,Elmer Soderblom
8482762,Simon Edvinsson
8483464,Marco Kasper
8481056,Spencer Stastney
8481585,Egor Afanasyev
8481704,Juuso Parssinen
8482146,Luke Evangelista
8484256,Jake Livingstone
8482137,Yaroslav Askarov
8479375,William Bitten
8481006,Tyler Tucker
8481070,Hugh McGing
8481543,Nikita Alexandrov
8482516,Matthew Kessel
8480084,Nick DeSimone
8481592,Jakob Pelletier
8482679,Matt Coronato
8481692,Dustin Wolf
8480032,Shane Bowers
8482147,Jean-Luc Foudy
8482250,Callahan Burke
8482712,Oskar Olausson
8479576,Vincent Desharnais
8480468,James Hamblin
8483158,Matthew Berlin
8481683,Aidan McDonough
8482496,Nils Aman
8483808,Andrei Kuzmenko
8484254,Akito Hirose
8484287,Cole McWard
8481668,Arturs Silovs
8477993,Justin Kirkland
8481563,Drew Helleson
8481605,Jackson LaCombe
8481754,Nikita Nesterenko
8483630,Pavol Regenda
8480042,Olle Eriksson Ek
8478028,Fredrik Olofsson
8481712,Matej Blumel
8482740,Wyatt Johnston
8483575,Matt Murray
8482730,Brandt Clarke
8481567,Henry Thrun
8482101,Danil Gushchin
8482181,Tristen Robins
8482824,Nick Cicek
8480199,Eetu Makiniemi
8480893,Kirill Marchenko
8481072,Tim Berni
8481690,Tyler Angle
8482399,Billy Sweezey
8482448,Samuel Knazko
8482451,Mikael Pyyhtia
8482711,Stanislav Svozil
8483460,David Jiricek
8483620,Marcus Bjork
8484125,Hunter McKown
8482982,Jet Greaves
8480267,Sammy Walker
8480275,Nick Swaney
8480994,Damien Giroux
8482122,Brock Faber
8480891,Michael Kesselring
8482699,Dylan Guenther
8483597,Milos Kelemen
8480238,Jiri Patera
8483524,Shane Wright
8481789,Tye Kartye
